order_id,customer_id,product_id,order_date,net_quantity,payment_mode,total_amount,amount_saved
O5000,C415,P1076,06-Jan-25,4.00,credit card,,
O5001,C534,P1012,03-Sep-25,5.00,cash,,
O5002,C291,P1069,09-Apr-25,4.00,credit card,,
O5003,C650,P1090,21-May-23,5.00,cash,,
O5004,C856,P1019,05-Jul-23,5.00,debit card,,
O5005,C239,P1069,14-May-24,3.00,credit card,,
O5006,C463,P1017,01-May-25,1.00,net banking,,
O5007,C933,P1090,25-Dec-24,4.00,net baNking,,
O5008,C984,P1009,03-Dec-23,2.00,upi,,
O5009,C540,P1097,15-Mar-25,5.00,cash,,
O5010,C238,P1095,01-Oct-23,1.00,,,
O5011,C655,P1093,21-Oct-25,5.00,debit card,,
O5012,C266,P1029,04-Feb-25,2.00,credit card,,
O5013,C237,P1042,16-Jul-25,1.00,net banking,,
O5014,C477,P1036,27-Oct-25,1.00,net banking,,
O5015,C839,P1016,16-Apr-24,1.00,cash,,
O5016,C298,P1022,06-Sep-23,5.00,debit card,,
O5017,C494,P1024,28-Mar-24,5.00,cash,,
O5018,C369,P1097,17-Feb-24,2.00,credit card,,
O5019,C838,P1016,08-Oct-24,1.00,credit card,,
O5020,C177,P1044,04-Dec-23,4.00,credit card,,
O5021,C146,P1062,17-Aug-25,1.00,cash,,
O5022,C459,P1095,03-Jan-25,4.00,cash,,
O5023,C386,P1062,10-May-25,3.00,debit card,,
O5024,C292,P1003,19-Nov-25,4.00,net banking,,
O5025,C157,P1036,23-Dec-24,2.00,cash,,
O5026,C943,P1050,04-Sep-25,5.00,upi,,
O5027,C417,P1044,11-May-24,1.00,credit card,,
O5028,C562,P1069,16-Oct-25,1.00,cash,,
O5029,C145,P1006,23-Jun-24,3.00,cash,,
O5030,C160,P1083,26-Jul-23,4.00,cash,,
O5031,C500,P1024,19-Jun-23,1.00,credit card,,
O5032,C687,P1078,27-Aug-25,3.00,net banking,,
O5033,C346,P1086,26-Jan-26,5.00,debit card,,
O5034,C396,P1006,09-Nov-24,4.00,net banking,,
O5035,C744,P1049,12-Jun-25,1.00,debit card,,
O5036,C882,P1022,27-Sep-25,5.00,credit card,,
O5037,C251,P1027,02-Mar-24,3.00,cash,,
O5038,C355,P1087,22-Apr-24,1.00,net banking,,
O5039,C873,P1003,09-Sep-23,3.00,debit card,,
O5040,C274,P1030,13-Dec-23,3.00,upi,,
O5041,C175,P1003,11-Jul-24,1.00,upi,,
O5042,C649,P1041,29-Mar-25,4.00,credit card,,
O5043,C968,P1041,18-Sep-24,1.00,upi,,
O5044,C649,P1022,08-Sep-25,1.00,cash,,
O5045,C492,P1030,23-Jan-24,5.00,debit card,,
O5046,C932,P1042,27-Dec-24,1.00,debit card,,
O5047,C685,P1044,01-Aug-24,4.00,cash,,
O5048,C256,P1078,16-Feb-25,1.00,cash,,
O5049,C254,P1017,10-Dec-24,1.00,net banking,,
O5050,C641,P1003,17-Oct-24,5.00,net banking,,
O5051,C742,P1093,05-Jun-25,1.00,upi,,
O5052,C469,P1061,16-Sep-24,1.00,net banking,,
O5053,C967,P1017,14-Dec-25,2.00,cash,,
O5054,C410,P1097,06-Aug-25,1.00,cash,,
O5055,C350,P1076,19-Oct-24,5.00,net banking,,
O5056,C262,P1095,25-Nov-25,1.00,debit card,,
O5057,C689,P1076,30-May-24,5.00,cash,,
O5058,C266,P1051,29-Oct-23,2.00,credit card,,
O5059,C593,P1036,22-Oct-23,4.00,cash,,
O5060,C636,P1050,06-May-23,5.00,credit card,,
O5061,C460,P1050,26-Sep-23,2.00,net banking,,
O5062,C283,P1014,05-Aug-25,3.00,cash,,
O5063,C192,P1035,24-Apr-25,2.00,upi,,
O5064,C721,P1051,16-Feb-24,3.00,debit card,,
O5065,C894,P1095,25-May-25,5.00,upi,,
O5066,C611,P1061,19-Oct-25,5.00,upi,,
O5067,C945,P1039,13-Jan-26,4.00,cash,,
O5068,C978,P1005,22-Jan-26,2.00,net banking,,
O5069,C253,P1014,05-Aug-23,3.00,debit card,,
O5070,C223,P1011,21-Feb-24,2.00,upi,,
O5071,C860,P1050,14-Apr-24,3.00,debit card,,
O5072,C262,P1097,30-May-25,2.00,net banking,,
O5073,C175,P1009,29-Jul-25,4.00,credit card,,
O5074,C805,P1004,07-Feb-25,4.00,net banking,,
O5075,C724,P1005,02-Jun-25,2.00,net banking,,
O5076,C292,P1029,24-Oct-25,5.00,net banking,,
O5077,C510,P1030,28-Aug-24,2.00,upi,,
O5078,C562,P1049,21-Apr-25,1.00,cash,,
O5079,C969,P1027,06-Nov-23,2.00,debit card,,
O5080,C175,P1004,02-Aug-25,2.00,cash,,
O5081,C161,P1044,09-Apr-24,3.00,upi,,
O5082,C516,P1049,10-Nov-24,3.00,net banking,,
O5083,C698,P1056,28-Oct-23,4.00,cash,,
O5084,C893,P1036,02-Jan-24,1.00,upi,,
O5085,C283,P1084,17-Nov-23,1.00,net banking,,
O5086,C599,P1095,03-Oct-25,1.00,debit card,,
O5087,C486,P1036,02-Jun-24,5.00,debit card,,
O5088,C337,P1022,10-Jul-25,3.00,cash,,
O5089,C904,P1005,02-Mar-25,2.00,upi,,
O5090,C372,P1088,05-Jan-24,4.00,debit card,,
O5091,C969,P1072,01-Aug-23,2.00,debit card,,
O5092,C505,P1084,09-Jun-24,4.00,debit card,,
O5093,C919,P1073,03-Sep-25,2.00,upi,,
O5094,C346,P1029,29-Dec-24,3.00,debit card,,
O5095,C968,P1044,23-Jan-24,2.00,credit card,,
O5096,C743,P1006,06-Jul-25,3.00,cash,,
O5097,C350,P1045,21-Feb-24,5.00,credit card,,
O5098,C629,P1042,12-Sep-25,1.00,debit card,,
O5099,C355,P1006,27-Nov-24,2.00,upi,,
O5100,C430,P1078,06-Aug-23,3.00,net banking,,
O5101,C270,P1084,17-Jul-23,2.00,cash,,
O5102,C885,P1005,04-Dec-24,5.00,upi,,
O5103,C892,P1017,03-Jun-24,4.00,credit card,,
O5104,C500,P1003,15-Jan-26,4.00,upi,,
O5105,C729,P1088,28-Feb-25,4.00,net banking,,
O5106,C751,P1029,06-Jun-23,2.00,debit card,,
O5107,C405,P1051,15-Dec-25,1.00,net banking,,
O5108,C580,P1069,26-Dec-25,4.00,debit card,,
O5109,C946,P1020,23-Oct-23,1.00,debit card,,
O5110,C346,P1020,28-May-25,1.00,debit card,,
O5111,C386,P1083,02-Jun-23,2.00,credit card,,
O5112,C843,P1039,02-Apr-25,2.00,cash,,
O5113,C192,P1056,25-Sep-24,3.00,debit card,,
O5114,C685,P1072,04-Sep-23,5.00,debit card,,
O5115,C540,P1017,12-Oct-24,2.00,upi,,
O5116,C209,P1045,13-Nov-23,3.00,cash,,
O5117,C978,P1073,01-Sep-23,1.00,credit card,,
O5118,C956,P1061,04-Aug-24,1.00,debit card,,
O5119,C545,P1090,21-Dec-23,3.00,cash,,
O5120,C588,P1017,04-May-24,3.00,net banking,,
O5121,C718,P1003,06-Jun-23,3.00,cash,,
O5122,C346,P1044,02-Jan-25,3.00,net banking,,
O5123,C589,P1032,19-Dec-25,3.00,upi,,
O5124,C257,P1049,06-Apr-24,5.00,net banking,,
O5125,C864,P1049,03-Feb-24,2.00,credit card,,
O5126,C872,P1014,30-May-25,5.00,debit card,,
O5127,C669,P1087,05-Jan-24,5.00,upi,,
O5128,C378,P1050,07-Mar-25,3.00,net banking,,
O5129,C364,P1041,04-Mar-24,4.00,cash,,
O5130,C980,P1072,26-Nov-25,3.00,debit card,,
O5131,C562,P1012,19-Sep-24,5.00,debit card,,
O5132,C737,P1041,03-Feb-24,5.00,debit card,,
O5133,C649,P1073,04-May-24,3.00,upi,,
O5134,C940,P1003,31-Jul-23,4.00,cash,,
O5135,C559,P1069,25-Dec-24,2.00,cash,,
O5136,C600,P1017,10-Oct-25,2.00,cash,,
O5137,C841,P1042,16-Feb-24,2.00,upi,,
O5138,C570,P1056,18-Aug-23,2.00,credit card,,
O5139,C601,P1049,29-Nov-24,5.00,debit card,,
O5140,C121,P1076,08-Feb-25,4.00,cash,,
O5141,C593,P1078,06-Apr-25,2.00,cash,,
O5142,C648,P1035,21-Aug-23,2.00,debit card,,
O5143,C847,P1082,16-Jun-24,3.00,debit card,,
O5144,C793,P1067,01-Jun-24,5.00,debit card,,
O5145,C612,P1022,24-Mar-25,5.00,credit card,,
O5146,C818,P1003,07-Aug-25,3.00,debit card,,
O5147,C601,P1035,14-Jan-25,3.00,upi,,
O5148,C477,P1062,02-Feb-25,3.00,upi,,
O5149,C811,P1097,06-May-24,2.00,upi,,
O5150,C346,P1086,09-May-23,2.00,upi,,
O5151,C483,P1016,31-May-25,1.00,credit card,,
O5152,C863,P1004,20-Jun-24,2.00,credit card,,
O5153,C426,P1012,16-Jan-25,2.00,net banking,,
O5154,C614,P1014,05-Feb-24,1.00,credit card,,
O5155,C430,P1027,31-Aug-25,3.00,net banking,,
O5156,C171,P1006,07-May-23,2.00,cash,,
O5157,C864,P1090,02-Jul-23,1.00,debit card,,
O5158,C737,P1006,05-Dec-23,2.00,credit card,,
O5159,C477,P1027,23-Aug-25,1.00,credit card,,
O5160,C571,P1056,01-Oct-24,3.00,net banking,,
O5161,C638,P1095,14-Jan-24,4.00,cash,,
O5162,C656,P1088,11-Jan-24,4.00,upi,,
O5163,C119,P1050,06-Mar-24,5.00,credit card,,
O5164,C113,P1032,04-Jan-26,4.00,debit card,,
O5165,C138,P1076,29-Jan-25,1.00,cash,,
O5166,C991,P1024,17-May-24,2.00,credit card,,
O5167,C734,P1016,13-Jul-25,1.00,net banking,,
O5168,C665,P1078,13-Sep-23,4.00,net banking,,
O5169,C438,P1093,22-Dec-24,2.00,credit card,,
O5170,C579,P1027,22-May-24,5.00,credit card,,
O5171,C311,P1044,18-Dec-24,2.00,credit card,,
O5172,C528,P1019,30-Dec-24,3.00,credit card,,
O5173,C254,P1039,10-Feb-25,3.00,debit card,,
O5174,C269,P1036,18-Aug-23,5.00,upi,,
O5175,C261,P1004,15-Jan-24,4.00,debit card,,
O5176,C888,P1097,09-Apr-25,2.00,debit card,,
O5177,C828,P1073,09-Sep-25,5.00,upi,,
O5178,C408,P1069,01-Jul-25,3.00,net banking,,
O5179,C522,P1004,20-Feb-25,1.00,cash,,
O5180,C888,P1020,23-Jan-26,4.00,debit card,,
O5181,C932,P1006,03-Aug-25,5.00,net banking,,
O5182,C477,P1005,18-Dec-23,2.00,upi,,
O5183,C218,P1035,30-Sep-23,4.00,net banking,,
O5184,C560,P1016,14-Sep-24,1.00,net banking,,
O5185,C760,P1067,24-Mar-25,4.00,upi,,
O5186,C745,P1042,02-Jan-26,1.00,credit card,,
O5187,C494,P1036,28-Mar-25,4.00,credit card,,
O5188,C346,P1024,28-Nov-24,2.00,upi,,
O5189,C176,P1076,31-Dec-25,1.00,debit card,,
O5190,C209,P1032,12-May-23,1.00,net banking,,
O5191,C674,P1049,24-Sep-24,5.00,credit card,,
O5192,C561,P1078,26-Apr-24,4.00,credit card,,
O5193,C892,P1044,23-Aug-24,5.00,credit card,,
O5194,C774,P1049,16-Aug-25,5.00,upi,,
O5195,C774,P1000,08-Mar-25,4.00,credit card,,
O5196,C495,P1056,15-Aug-25,1.00,credit card,,
O5197,C863,P1061,26-Nov-24,3.00,credit card,,
O5198,C193,P1072,06-Apr-25,5.00,net banking,,
O5199,C237,P1049,15-Jul-25,2.00,net banking,,
O5200,C617,P1093,21-Dec-23,2.00,credit card,,
O5201,C969,P1072,06-Oct-23,3.00,credit card,,
O5202,C470,P1017,23-Oct-25,5.00,upi,,
O5203,C800,P1056,16-Jan-26,2.00,credit card,,
O5204,C516,P1098,24-Nov-23,4.00,credit card,,
O5205,C254,P1051,01-Jul-23,2.00,upi,,
O5206,C111,P1051,24-Aug-25,5.00,upi,,
O5207,C599,P1004,07-Nov-23,5.00,debit card,,
O5208,C603,P1020,15-Oct-24,1.00,upi,,
O5209,C266,P1044,29-Jun-23,1.00,credit card,,
O5210,C281,P1036,16-Mar-25,3.00,debit card,,
O5211,C617,P1098,02-Aug-23,5.00,upi,,
O5212,C601,P1049,03-Feb-24,3.00,cash,,
O5213,C180,P1082,16-Jun-25,2.00,upi,,
O5214,C330,P1045,21-Mar-25,2.00,upi,,
O5215,C195,P1029,10-Nov-25,4.00,cash,,
O5216,C274,P1012,10-Jan-26,4.00,cash,,
O5217,C202,P1029,12-Jul-25,1.00,net banking,,
O5218,C396,P1090,01-Jun-24,1.00,cash,,
O5219,C580,P1000,14-Jul-23,3.00,cash,,
O5220,C174,P1016,27-Mar-25,1.00,cash,,
O5221,C116,P1072,02-Jul-23,5.00,net banking,,
O5222,C231,P1009,22-Jul-23,2.00,credit card,,
O5223,C864,P1020,31-Dec-25,1.00,credit card,,
O5224,C329,P1029,03-Jun-23,5.00,credit card,,
O5225,C904,P1020,18-Aug-25,5.00,net banking,,
O5226,C720,P1000,25-Jun-24,1.00,net banking,,
O5227,C270,P1032,10-Dec-23,1.00,upi,,
O5228,C533,P1088,18-May-23,3.00,net banking,,
O5229,C460,P1036,25-Jan-26,1.00,net banking,,
O5230,C294,P1022,11-Sep-23,4.00,net banking,,
O5231,C891,P1041,24-Jul-25,4.00,upi,,
O5232,C360,P1067,28-Sep-23,3.00,debit card,,
O5233,C560,P1027,24-Jun-25,5.00,debit card,,
O5234,C360,P1019,06-Oct-25,3.00,debit card,,
O5235,C302,P1027,09-Oct-25,5.00,debit card,,
O5236,C565,P1012,11-Dec-23,3.00,net banking,,
O5237,C269,P1061,21-Jan-24,1.00,credit card,,
O5238,C800,P1086,11-Sep-24,1.00,credit card,,
O5239,C975,P1042,19-Oct-24,5.00,debit card,,
O5240,C810,P1095,12-Jun-25,5.00,credit card,,
O5241,C392,P1050,07-Sep-23,4.00,cash,,
O5242,C326,P1029,28-Jul-23,4.00,upi,,
O5243,C611,P1016,16-Jan-26,4.00,debit card,,
O5244,C678,P1056,07-Nov-24,5.00,cash,,
O5245,C456,P1012,05-Sep-25,4.00,net banking,,
O5246,C204,P1020,17-Oct-25,2.00,credit card,,
O5247,C696,P1067,07-May-23,2.00,upi,,
O5248,C154,P1087,30-May-24,4.00,upi,,
O5249,C374,P1093,24-Sep-23,4.00,credit card,,
O5250,C531,P1093,08-Dec-23,5.00,debit card,,
O5251,C567,P1020,30-Jan-25,4.00,debit card,,
O5252,C260,P1009,24-Aug-24,3.00,debit card,,
O5253,C175,P1041,11-Oct-25,1.00,debit card,,
O5254,C486,P1095,07-Sep-24,2.00,cash,,
O5255,C331,P1073,20-Oct-25,1.00,debit card,,
O5256,C986,P1098,06-Mar-24,1.00,debit card,,
O5257,C802,P1005,20-May-24,3.00,credit card,,
O5258,C210,P1044,03-May-24,5.00,cash,,
O5259,C978,P1090,24-Mar-24,5.00,debit card,,
O5260,C553,P1006,07-Jul-25,3.00,debit card,,
O5261,C959,P1014,31-Aug-24,3.00,net banking,,
O5262,C240,P1073,19-Jul-24,1.00,debit card,,
O5263,C710,P1093,12-Aug-23,1.00,debit card,,
O5264,C743,P1051,13-Mar-25,4.00,debit card,,
O5265,C100,P1003,24-Dec-25,1.00,net banking,,
O5266,C237,P1084,25-Mar-24,3.00,debit card,,
O5267,C902,P1076,14-Nov-24,2.00,debit card,,
O5268,C926,P1041,17-Sep-24,1.00,net banking,,
O5269,C520,P1016,28-Feb-24,5.00,debit card,,
O5270,C577,P1003,03-Jul-24,2.00,debit card,,
O5271,C839,P1012,05-May-25,4.00,net banking,,
O5272,C813,P1029,08-Mar-24,3.00,credit card,,
O5273,C610,P1011,28-Nov-25,1.00,upi,,
O5274,C170,P1051,25-Sep-23,3.00,net banking,,
O5275,C151,P1051,02-Jan-26,3.00,cash,,
O5276,C870,P1042,17-Nov-24,3.00,debit card,,
O5277,C204,P1030,04-Feb-25,1.00,upi,,
O5278,C138,P1005,03-Jun-25,3.00,cash,,
O5279,C238,P1097,24-Aug-23,3.00,credit card,,
O5280,C290,P1024,09-Aug-25,1.00,cash,,
O5281,C969,P1006,15-Oct-24,4.00,credit card,,
O5282,C634,P1051,09-Jan-26,4.00,credit card,,
O5283,C480,P1042,08-Jan-25,5.00,credit card,,
O5284,C604,P1016,22-Jun-24,1.00,cash,,
O5285,C721,P1093,22-Feb-24,2.00,debit card,,
O5286,C420,P1027,02-Sep-24,3.00,net banking,,
O5287,C289,P1088,29-Mar-25,3.00,upi,,
O5288,C894,P1097,08-Sep-24,1.00,credit card,,
O5289,C946,P1000,03-May-25,1.00,net banking,,
O5290,C657,P1049,14-Dec-24,2.00,net banking,,
O5291,C202,P1069,24-Oct-25,5.00,credit card,,
O5292,C257,P1061,22-Nov-25,5.00,debit card,,
O5293,C132,P1076,29-Jun-25,3.00,credit card,,
O5294,C403,P1018,31-Aug-24,3.00,net banking,,
O5295,C676,P1035,15-Mar-25,2.00,debit card,,
O5296,C275,P1005,17-May-25,5.00,net banking,,
O5297,C737,P1078,29-Jul-25,1.00,net banking,,
O5298,C162,P1087,05-Sep-24,2.00,credit card,,
O5299,C769,P1022,15-Jun-23,5.00,net banking,,
O5300,C288,P1032,16-Jan-24,1.00,credit card,,
O5301,C965,P1095,13-Oct-24,2.00,upi,,
O5302,C240,P1073,27-Dec-23,3.00,debit card,,
O5303,C377,P1061,09-Mar-25,1.00,debit card,,
O5304,C177,P1088,01-May-25,3.00,credit card,,
O5305,C488,P1044,26-Feb-24,5.00,debit card,,
O5306,C933,P1045,30-May-25,1.00,upi,,
O5307,C899,P1003,01-Jan-26,2.00,debit card,,
O5308,C796,P1029,19-Sep-24,5.00,debit card,,
O5309,C540,P1016,07-Apr-24,1.00,upi,,
O5310,C370,P1000,25-Apr-25,2.00,credit card,,
O5311,C722,P1027,13-Nov-23,3.00,cash,,
O5312,C777,P1084,19-May-23,4.00,cash,,
O5313,C560,P1061,02-Sep-23,1.00,net banking,,
O5314,C776,P1019,30-Mar-25,1.00,credit card,,
O5315,C262,P1088,13-Mar-24,1.00,upi,,
O5316,C576,P1078,02-Jun-25,1.00,net banking,,
O5317,C978,P1017,20-Mar-24,5.00,debit card,,
O5318,C426,P1076,08-Aug-23,1.00,net banking,,
O5319,C151,P1000,26-Sep-25,3.00,net banking,,
O5320,C311,P1036,06-Jan-24,4.00,debit card,,
O5321,C460,P1049,20-Jun-25,2.00,upi,,
O5322,C705,P1095,24-Jun-25,3.00,debit card,,
O5323,C207,P1035,14-May-25,5.00,debit card,,
O5324,C109,P1095,01-Aug-24,3.00,credit card,,
O5325,C892,P1019,20-Jul-24,4.00,upi,,
O5326,C690,P1083,19-May-23,3.00,credit card,,
O5327,C987,P1082,30-Sep-24,3.00,cash,,
O5328,C190,P1029,09-Apr-24,5.00,cash,,
O5329,C838,P1019,22-Feb-24,2.00,net banking,,
O5330,C235,P1067,01-Jan-25,3.00,cash,,
O5331,C970,P1009,31-Jul-24,2.00,debit card,,
O5332,C807,P1006,21-Jan-26,4.00,credit card,,
O5333,C838,P1011,29-Oct-25,2.00,upi,,
O5334,C669,P1073,02-Sep-23,2.00,credit card,,
O5335,C490,P1014,13-Aug-23,4.00,credit card,,
O5336,C419,P1095,26-Aug-23,1.00,debit card,,
O5337,C601,P1088,06-Jan-24,4.00,debit card,,
O5338,C746,P1076,16-Aug-23,1.00,credit card,,
O5339,C577,P1050,29-Aug-24,1.00,debit card,,
O5340,C487,P1086,23-May-24,5.00,debit card,,
O5341,C997,P1072,18-Feb-24,1.00,upi,,
O5342,C837,P1012,24-Apr-24,4.00,cash,,
O5343,C360,P1086,15-Dec-24,2.00,credit card,,
O5344,C164,P1098,19-Jun-24,1.00,upi,,
O5345,C682,P1005,19-May-25,5.00,net banking,,
O5346,C691,P1087,27-Feb-24,4.00,debit card,,
O5347,C570,P1090,27-Sep-24,2.00,upi,,
O5348,C476,P1050,26-Feb-24,5.00,credit card,,
O5349,C411,P1039,10-Jul-25,1.00,credit card,,
O5350,C805,P1000,27-Jul-25,4.00,net banking,,
O5351,C254,P1045,14-Jun-25,1.00,net banking,,
O5352,C930,P1062,07-Apr-24,5.00,cash,,
O5353,C981,P1029,08-May-23,4.00,credit card,,
O5354,C390,P1086,11-Feb-24,2.00,debit card,,
O5355,C802,P1024,07-May-24,4.00,upi,,
O5356,C600,P1049,30-Oct-25,3.00,net banking,,
O5357,C139,P1022,01-Oct-25,1.00,debit card,,
O5358,C990,P1000,05-Oct-23,4.00,upi,,
O5359,C675,P1014,30-Jan-24,2.00,credit card,,
O5360,C787,P1016,10-Apr-25,4.00,upi,,
O5361,C610,P1011,14-Nov-24,2.00,credit card,,
O5362,C160,P1044,16-Jan-24,2.00,upi,,
O5363,C903,P1036,07-Dec-24,2.00,credit card,,
O5364,C754,P1029,06-May-23,3.00,net banking,,
O5365,C274,P1093,25-Oct-24,2.00,net banking,,
O5366,C618,P1020,29-Feb-24,4.00,cash,,
O5367,C545,P1051,06-Oct-24,2.00,debit card,,
O5368,C927,P1035,26-Feb-24,2.00,debit card,,
O5369,C991,P1045,07-Jan-24,5.00,cash,,
O5370,C175,P1022,24-Oct-25,5.00,cash,,
O5371,C240,P1039,23-Feb-25,2.00,credit card,,
O5372,C576,P1017,19-May-24,5.00,cash,,
O5373,C109,P1045,15-May-25,5.00,credit card,,
O5374,C690,P1020,21-Dec-24,3.00,net banking,,
O5375,C145,P1018,18-Dec-25,5.00,credit card,,
O5376,C214,P1027,09-Aug-25,5.00,credit card,,
O5377,C593,P1004,15-Aug-23,4.00,cash,,
O5378,C522,P1036,11-Mar-25,5.00,upi,,
O5379,C329,P1006,08-May-25,1.00,cash,,
O5380,C126,P1049,21-Sep-25,4.00,credit card,,
O5381,C770,P1024,26-Jun-23,4.00,credit card,,
O5382,C174,P1062,12-May-24,3.00,debit card,,
O5383,C884,P1093,30-Jul-23,2.00,debit card,,
O5384,C117,P1090,09-Dec-23,2.00,cash,,
O5385,C187,P1044,20-Jul-25,2.00,upi,,
O5386,C752,P1095,26-Jul-25,1.00,credit card,,
O5387,C601,P1006,15-Aug-25,4.00,cash,,
O5388,C490,P1073,28-Jul-23,4.00,debit card,,
O5389,C510,P1044,29-Jan-25,5.00,debit card,,
O5390,C401,P1039,12-Sep-24,1.00,cash,,
O5391,C439,P1088,06-Feb-25,1.00,credit card,,
O5392,C179,P1024,29-Jul-25,2.00,net banking,,
O5393,C964,P1019,01-Aug-23,5.00,net banking,,
O5394,C770,P1061,11-May-23,1.00,debit card,,
O5395,C505,P1073,02-Jul-23,1.00,debit card,,
O5396,C229,P1093,07-Mar-24,1.00,cash,,
O5397,C155,P1045,13-Apr-25,1.00,credit card,,
O5398,C903,P1045,04-Jun-24,1.00,upi,,
O5399,C218,P1018,31-Dec-25,1.00,debit card,,
O5400,C266,P1018,22-Oct-24,3.00,credit card,,
O5401,C359,P1009,12-May-23,1.00,credit card,,
O5402,C149,P1003,04-Jun-23,5.00,upi,,
O5403,C943,P1006,30-Aug-23,1.00,credit card,,
O5404,C384,P1061,04-Nov-23,1.00,net banking,,
O5405,C467,P1019,31-May-23,5.00,cash,,
O5406,C778,P1051,17-Dec-24,3.00,upi,,
O5407,C405,P1067,17-May-23,4.00,cash,,
O5408,C240,P1083,10-Sep-23,2.00,debit card,,
O5409,C426,P1020,23-Nov-23,4.00,upi,,
O5410,C338,P1076,28-Sep-25,3.00,debit card,,
O5411,C132,P1030,07-Jan-24,3.00,credit card,,
O5412,C346,P1017,19-Mar-24,1.00,net banking,,
O5413,C970,P1090,09-Jul-25,4.00,debit card,,
O5414,C343,P1027,29-Sep-24,3.00,cash,,
O5415,C784,P1027,17-Dec-23,4.00,net banking,,
O5416,C580,P1090,23-Jul-25,4.00,cash,,
O5417,C480,P1051,19-Dec-25,5.00,debit card,,
O5418,C238,P1024,08-Mar-24,2.00,debit card,,
O5419,C224,P1009,08-Aug-24,5.00,credit card,,
O5420,C290,P1095,07-Oct-24,4.00,debit card,,
O5421,C497,P1062,28-Mar-25,2.00,credit card,,
O5422,C167,P1045,21-Sep-23,2.00,credit card,,
O5423,C559,P1030,26-Jun-24,1.00,cash,,
O5424,C967,P1006,22-Aug-24,1.00,debit card,,
O5425,C377,P1006,25-Oct-25,4.00,credit card,,
O5426,C932,P1024,14-May-25,5.00,net banking,,
O5427,C175,P1084,13-Jan-26,1.00,upi,,
O5428,C396,P1019,16-Nov-23,2.00,cash,,
O5429,C729,P1035,05-Nov-25,4.00,credit card,,
O5430,C326,P1009,07-Jun-24,4.00,net banking,,
O5431,C760,P1049,25-Oct-23,3.00,upi,,
O5432,C696,P1069,27-Jun-25,2.00,net banking,,
O5433,C361,P1044,09-May-25,1.00,net banking,,
O5434,C841,P1029,11-Jan-26,1.00,cash,,
O5435,C922,P1056,16-Jan-26,2.00,debit card,,
O5436,C940,P1097,21-Feb-24,4.00,credit card,,
O5437,C892,P1005,06-May-24,5.00,debit card,,
O5438,C818,P1086,29-Oct-23,3.00,upi,,
O5439,C469,P1035,13-Sep-25,1.00,cash,,
O5440,C788,P1027,17-Oct-23,1.00,cash,,
O5441,C745,P1076,29-Jun-25,4.00,upi,,
O5442,C420,P1016,09-Nov-24,5.00,cash,,
O5443,C620,P1078,27-Mar-25,4.00,debit card,,
O5444,C265,P1072,23-Nov-24,1.00,upi,,
O5445,C259,P1049,20-Jul-23,2.00,debit card,,
O5446,C480,P1086,04-Oct-24,1.00,net banking,,
O5447,C820,P1088,26-May-25,2.00,net banking,,
O5448,C569,P1076,03-Oct-23,4.00,credit card,,
O5449,C222,P1082,21-Jan-26,1.00,debit card,,
O5450,C109,P1088,14-Sep-23,4.00,cash,,
O5451,C383,P1044,17-Sep-24,4.00,net banking,,
O5452,C875,P1027,03-Jun-24,5.00,upi,,
O5453,C933,P1041,29-Jan-24,1.00,debit card,,
O5454,C100,P1017,18-Jun-24,3.00,credit card,,
O5455,C369,P1009,30-Jul-23,4.00,cash,,
O5456,C162,P1032,10-Sep-24,5.00,debit card,,
O5457,C566,P1024,15-Feb-24,4.00,upi,,
O5458,C778,P1016,10-Apr-25,2.00,credit card,,
O5459,C588,P1045,07-Nov-24,2.00,net banking,,
O5460,C350,P1062,14-Jul-23,3.00,upi,,
O5461,C687,P1003,09-Aug-23,3.00,debit card,,
O5462,C494,P1018,29-Sep-23,3.00,upi,,
O5463,C288,P1069,03-May-24,2.00,cash,,
O5464,C881,P1072,17-Mar-24,4.00,upi,,
O5465,C380,P1095,09-Jul-25,2.00,cash,,
O5466,C106,P1019,09-Nov-23,4.00,credit card,,
O5467,C650,P1020,03-Jun-25,2.00,cash,,
O5468,C452,P1006,27-Jan-25,3.00,upi,,
O5469,C181,P1004,04-Aug-25,5.00,cash,,
O5470,C469,P1098,18-Feb-25,4.00,net banking,,
O5471,C162,P1084,11-Jun-25,1.00,debit card,,
O5472,C425,P1095,10-May-25,3.00,cash,,
O5473,C891,P1095,03-Dec-23,5.00,upi,,
O5474,C601,P1030,09-Sep-23,5.00,cash,,
O5475,C787,P1069,26-Jun-23,4.00,cash,,
O5476,C787,P1051,07-May-23,1.00,net banking,,
O5477,C918,P1069,18-Dec-25,5.00,upi,,
O5478,C380,P1078,24-Apr-24,1.00,credit card,,
O5479,C474,P1078,22-Aug-25,3.00,net banking,,
O5480,C199,P1029,06-Sep-24,1.00,credit card,,
O5481,C426,P1016,21-Feb-25,2.00,upi,,
O5482,C665,P1035,06-Nov-24,4.00,upi,,
O5483,C477,P1014,28-Sep-23,4.00,credit card,,
O5484,C874,P1062,30-Aug-24,2.00,credit card,,
O5485,C665,P1036,13-Jan-25,4.00,upi,,
O5486,C494,P1067,27-Aug-25,5.00,upi,,
O5487,C132,P1006,10-Sep-25,4.00,debit card,,
O5488,C436,P1088,25-Jul-23,4.00,cash,,
O5489,C126,P1097,02-Nov-24,2.00,net banking,,
O5490,C847,P1036,08-Jun-23,1.00,credit card,,
O5491,C486,P1044,13-Mar-25,4.00,debit card,,
O5492,C645,P1051,28-Nov-25,4.00,upi,,
O5493,C788,P1004,20-Jul-23,5.00,net banking,,
O5494,C638,P1044,09-May-23,3.00,debit card,,
O5495,C993,P1024,06-Aug-23,5.00,credit card,,
O5496,C970,P1087,13-Jul-23,3.00,credit card,,
O5497,C657,P1036,23-Jul-23,5.00,debit card,,
O5498,C257,P1022,30-Oct-24,2.00,credit card,,
O5499,C559,P1078,05-Aug-23,4.00,credit card,,
O5000,C415,P1076,06-Jan-25,4.00,credit card,,
O5498,C257,P1022,30-Oct-24,2.00,credit card,,
